{
  "_generated": "Generated by SweetTooth, do not edit",
  "description": "Customize your GNOME Shell UX to suit your workflow, whether you like horizontally or vertically stacked workspaces.",
  "donations": {
    "buymeacoffee": "georgdh"
  },
  "gettext-domain": "vertical-workspaces",
  "name": "V-Shell (Vertical Workspaces)",
  "session-modes": [
    "unlock-dialog",
    "user"
  ],
  "settings-schema": "org.gnome.shell.extensions.vertical-workspaces",
  "shell-version": [
    "42",
    "43",
    "44"
  ],
  "url": "https://github.com/G-dH/vertical-workspaces",
  "uuid": "vertical-workspaces@G-dH.github.com",
  "version": 37
}